月份,US ISM Manufacturing PMI (指数),US 10年期国债收益率 (%),VIX指数 (points),美元指数 DXY (points),WTI原油价格 (USD/桶),波罗的海干散货指数 BDI (points)
2015-01,55.7,1.82,20.48,94.98,48.66,559
2015-02,56.0,2.11,16.62,95.27,49.54,638
2015-03,51.5,1.94,14.64,97.93,48.01,640
2015-04,54.4,1.92,14.15,94.84,51.23,584
2015-05,55.5,2.21,14.67,97.17,58.70,611
2015-06,53.8,2.35,13.50,95.29,60.73,626
2015-07,52.7,2.19,12.81,97.49,48.66,782
2015-08,52.9,2.17,13.30,95.62,42.53,906
2015-09,50.2,2.06,14.06,95.70,44.88,789
2015-10,50.9,2.12,14.39,97.31,45.88,667
2015-11,48.6,2.23,15.65,99.18,40.99,513
2015-12,48.2,2.27,16.25,98.26,37.04,466
2016-01,50.2,1.99,21.19,97.99,31.69,428
2016-02,50.8,1.75,17.73,96.69,31.48,398
2016-03,51.8,1.82,14.92,95.16,37.95,349
2016-04,50.8,1.83,13.35,94.66,41.86,383
2016-05,50.8,1.84,12.74,95.03,46.77,441
2016-06,49.0,1.48,13.60,94.10,45.76,509
2016-07,49.2,1.56,12.47,95.65,42.17,774
2016-08,49.4,1.58,10.82,95.57,44.76,1003
2016-09,51.5,1.61,11.31,95.39,43.44,1075
2016-10,51.9,1.78,13.63,98.69,47.29,1183
2016-11,53.2,2.06,13.58,101.05,45.84,1447
2016-12,54.3,2.38,14.01,102.21,50.84,1112
2017-01,56.6,2.41,11.19,99.09,52.36,1065
2017-02,57.7,2.36,10.75,93.15,53.51,1024
2017-03,57.3,2.40,11.10,99.41,49.40,1151
2017-04,54.8,2.30,10.25,99.10,47.43,1133
2017-05,54.9,2.21,9.77,97.61,48.07,1182
2017-06,52.1,2.18,10.12,95.29,44.75,1202
2017-07,56.3,2.33,9.67,93.32,46.39,1294
2017-08,58.8,2.13,10.85,92.13,47.31,1284
2017-09,60.8,2.33,9.51,92.98,49.78,1224
2017-10,60.1,2.38,9.14,94.37,51.67,1220
2017-11,58.2,2.40,9.67,92.99,56.84,1275
2017-12,59.7,2.41,9.63,92.14,60.38,1393
2018-01,59.7,2.72,12.44,89.71,63.82,1101
2018-02,60.8,2.87,13.60,90.07,62.70,1001
2018-03,59.3,2.74,15.87,89.37,64.47,1021
2018-04,57.3,2.95,13.72,91.79,67.88,1108
2018-05,58.7,2.84,12.61,94.66,70.78,1176
2018-06,60.2,2.86,12.86,94.42,64.75,1325
2018-07,55.3,2.86,12.86,94.42,68.02,1451
2018-08,61.3,2.86,11.92,95.18,67.25,1635
2018-09,59.5,3.05,11.82,95.19,68.51,1438
2018-10,55.7,3.15,16.01,96.99,68.40,1348
2018-11,58.8,3.01,15.99,97.15,61.73,1276
2018-12,54.3,2.69,23.31,96.14,45.95,1118
2019-01,56.6,2.69,18.80,95.75,51.14,726
2019-02,50.3,2.68,15.64,96.30,53.10,677
2019-03,55.3,2.42,15.15,96.78,59.17,677
2019-04,52.1,2.51,12.98,97.54,63.07,703
2019-05,52.1,2.27,15.45,97.25,59.73,702
2019-06,52.1,2.00,14.82,96.92,52.51,795
2019-07,51.2,1.99,14.82,96.92,56.52,817
2019-08,49.1,1.63,14.82,96.92,55.82,836
2019-09,47.8,1.70,15.46,98.68,55.47,901
2019-10,48.3,1.76,15.46,98.68,56.07,870
2019-11,47.2,1.78,12.11,98.37,56.96,839
2019-12,47.8,1.92,12.48,96.39,61.18,778
2020-01,50.9,1.51,13.55,96.97,57.09,543
2020-02,50.7,1.16,22.40,96.97,51.63,477
2020-03,49.1,0.70,53.54,98.68,25.99,461
2020-04,41.5,0.64,34.15,99.81,18.49,498
2020-05,43.1,0.67,27.51,98.73,28.43,536
2020-06,52.6,0.73,29.25,97.52,37.96,871
2020-07,53.6,0.62,22.95,93.13,40.88,1069
2020-08,56.0,0.71,22.22,92.03,42.18,1202
2020-09,47.8,0.68,26.54,93.91,40.70,1294
2020-10,59.8,0.79,33.40,93.30,39.68,1298
2020-11,58.7,0.86,21.74,91.83,41.81,1232
2020-12,60.7,0.93,20.47,89.91,47.90,1230
2021-01,58.7,1.08,21.19,90.83,51.88,1031
2021-02,60.8,1.34,19.31,90.83,57.57,1141
2021-03,59.0,1.74,17.52,92.26,64.16,1343
2021-04,60.5,1.63,16.90,91.00,64.41,1298
2021-05,61.2,1.63,16.90,90.00,63.12,1276
2021-06,60.1,1.52,16.90,91.50,66.00,1290
2021-07,63.0,1.23,15.50,92.50,70.00,1300
2021-08,59.9,1.35,14.50,92.50,68.50,1900
2021-09,61.0,1.43,18.00,93.00,70.00,2100
2021-10,59.0,1.55,17.00,93.50,83.00,2200
2021-11,62.0,1.44,17.50,96.00,78.00,2300
2021-12,58.7,1.47,15.00,96.00,75.00,2400
2022-01,57.6,1.76,17.00,95.50,86.00,1500
2022-02,58.3,1.93,19.50,96.00,91.00,1400
2022-03,57.3,2.35,20.00,98.50,105.00,1300
2022-04,53.9,2.75,29.00,103.00,103.00,1200
2022-05,56.0,2.87,26.50,102.00,108.00,1100
2022-06,56.0,3.01,25.00,104.00,114.00,1000
2022-07,52.2,2.68,23.00,106.00,100.00,900
2022-08,52.5,2.80,20.50,108.00,93.00,800
2022-09,50.9,3.52,31.00,112.00,80.00,700
2022-10,50.0,3.88,25.00,112.00,86.00,600
2022-11,49.1,3.65,21.50,106.00,80.00,500
2022-12,48.4,3.61,22.50,103.00,75.00,400
2023-01,47.4,3.55,18.00,102.00,76.00,300
2023-02,47.7,3.91,18.50,104.00,75.00,400
2023-03,49.2,3.48,18.50,102.00,73.00,500
2023-04,46.9,3.44,16.50,101.00,77.00,600
2023-05,48.7,3.61,16.00,102.00,71.00,700
2023-06,46.0,3.81,13.50,102.50,70.00,800
2023-07,46.4,3.95,14.00,100.50,77.00,900
2023-08,47.6,4.09,13.50,103.50,81.00,1000
2023-09,49.0,4.25,16.50,106.00,89.00,1100
2023-10,46.7,4.79,20.50,106.50,84.00,1200
2023-11,48.4,4.35,12.50,107.00,77.00,1300
2023-12,47.0,3.88,12.50,101.00,71.00,1400
2024-01,49.1,4.15,15.00,103.00,73.00,1500
2024-02,47.8,4.21,15.50,104.00,76.00,1600
2024-03,50.3,4.20,13.00,104.50,81.00,1700
2024-04,49.2,4.54,18.00,105.50,83.00,1800
2024-05,48.7,4.47,12.50,104.50,79.00,1900
2024-06,48.6,4.30,12.00,105.50,80.00,2000
2024-07,46.8,4.20,15.50,104.00,81.39,1947
2024-08,47.9,3.85,16.20,103.50,89.43,2100
2024-09,47.2,3.75,17.80,106.00,85.64,2385
2024-10,48.5,4.10,20.50,106.50,77.69,2200
2024-11,48.7,4.35,16.50,107.00,71.90,2100
2024-12,48.2,4.09,15.80,101.00,70.12,2300
2025-01,48.7,4.20,13.00,100.00,75.00,2100
2025-02,48.2,4.10,14.00,99.00,72.00,2200
2025-03,49.1,4.00,15.00,98.00,70.00,2300
2025-04,48.7,3.90,16.00,97.50,68.00,2400
2025-05,49.0,3.80,15.50,97.00,65.00,2500
2025-06,48.5,3.70,14.50,96.50,62.00,2600